Date,Price,Open,High,Low,Vol.,Change %
12/8/2025,"4,286.41","4,221.25","4,330.97","4,220.72",607.17K,1.50%
11/8/2025,"4,223.21","4,249.40","4,362.17","4,167.96",722.66K,-0.64%
10/8/2025,"4,250.57","4,262.32","4,330.90","4,163.35",494.84K,-0.24%
9/8/2025,"4,260.63","4,009.54","4,324.04","4,007.01",691.93K,6.28%
8/8/2025,"4,008.83","3,912.35","4,067.35","3,880.20",723.29K,2.53%
7/8/2025,"3,909.92","3,682.32","3,925.09","3,649.81",631.66K,6.15%
6/8/2025,"3,683.32","3,611.83","3,697.73","3,565.14",365.31K,1.98%
5/8/2025,"3,611.72","3,720.54","3,720.54","3,548.41",489.08K,-2.94%
4/8/2025,"3,720.97","3,499.19","3,734.06","3,491.07",463.36K,6.43%
3/8/2025,"3,496.13","3,393.01","3,521.09","3,357.85",296.35K,3.01%
2/8/2025,"3,393.92","3,487.70","3,536.94","3,375.00",494.19K,-2.70%
1/8/2025,"3,488.21","3,697.93","3,723.94","3,433.63",783.90K,-5.68%
31/7/2025,"3,698.35","3,810.00","3,877.84","3,685.23",516.40K,-2.90%
30/7/2025,"3,809.00","3,794.26","3,834.00","3,682.00",525.08K,0.40%
29/7/2025,"3,793.80","3,799.00","3,885.02","3,717.26",584.48K,-0.08%
28/7/2025,"3,796.91","3,872.19","3,940.94","3,755.35",620.68K,-1.93%
27/7/2025,"3,871.56","3,741.41","3,878.34","3,732.31",457.34K,3.49%
26/7/2025,"3,740.94","3,725.03","3,792.06","3,701.30",407.25K,0.43%
25/7/2025,"3,725.02","3,707.28","3,744.99","3,577.61",764.62K,0.56%
24/7/2025,"3,704.18","3,628.45","3,770.97","3,509.29",749.36K,2.13%
23/7/2025,"3,626.77","3,744.63","3,763.58","3,529.36",800.08K,-3.18%
22/7/2025,"3,745.78","3,762.87","3,798.65","3,620.79",870.13K,-0.42%
21/7/2025,"3,761.49","3,756.70","3,855.88","3,702.32",812.08K,0.11%
20/7/2025,"3,757.45","3,593.74","3,818.70","3,579.14",852.34K,4.60%
19/7/2025,"3,592.05","3,546.93","3,607.68","3,509.99",381.79K,1.31%
18/7/2025,"3,545.60","3,478.49","3,672.84","3,462.76",1.16M,2.10%
17/7/2025,"3,472.80","3,372.80","3,520.81","3,315.34",974.19K,2.91%
16/7/2025,"3,374.50","3,137.89","3,424.00","3,101.16",1.14M,7.51%
15/7/2025,"3,138.83","3,013.61","3,141.62","2,935.09",863.34K,4.15%
14/7/2025,"3,013.62","2,972.44","3,081.61","2,963.35",815.55K,1.40%
13/7/2025,"2,971.92","2,943.33","3,019.36","2,937.67",357.34K,1.00%
12/7/2025,"2,942.42","2,958.21","2,979.39","2,904.98",348.90K,-0.52%
11/7/2025,"2,957.85","2,951.40","3,038.89","2,916.51",907.98K,0.22%
10/7/2025,"2,951.28","2,768.75","2,999.39","2,756.06",950.79K,6.61%
9/7/2025,"2,768.34","2,615.25","2,792.95","2,590.34",686.17K,5.89%
8/7/2025,"2,614.47","2,542.29","2,627.15","2,523.98",370.80K,2.84%
7/7/2025,"2,542.30","2,570.79","2,589.29","2,517.86",315.71K,-1.10%
6/7/2025,"2,570.55","2,516.41","2,600.69","2,503.63",277.60K,2.15%
5/7/2025,"2,516.34","2,508.04","2,529.66","2,487.96",157.19K,0.33%
4/7/2025,"2,508.04","2,591.26","2,601.00","2,474.63",452.72K,-3.20%
3/7/2025,"2,591.01","2,571.27","2,633.70","2,557.31",504.90K,0.80%
2/7/2025,"2,570.42","2,405.00","2,618.24","2,382.19",634.89K,6.87%
1/7/2025,"2,405.22","2,485.46","2,500.00","2,389.61",352.09K,-3.27%
30/6/2025,"2,486.64","2,500.49","2,522.00","2,435.35",440.43K,-0.56%
29/6/2025,"2,500.67","2,435.62","2,522.78","2,414.06",284.27K,2.67%
28/6/2025,"2,435.61","2,423.20","2,447.75","2,406.31",156.02K,0.54%
27/6/2025,"2,422.64","2,415.32","2,462.87","2,389.02",381.29K,0.28%
26/6/2025,"2,415.80","2,418.59","2,520.24","2,394.33",463.70K,-0.11%
25/6/2025,"2,418.49","2,448.52","2,467.11","2,393.46",415.15K,-1.24%
24/6/2025,"2,448.81","2,413.23","2,479.15","2,377.17",516.64K,1.59%
23/6/2025,"2,410.40","2,226.21","2,431.37","2,189.67",744.47K,8.20%
22/6/2025,"2,227.70","2,305.00","2,312.99","2,115.47",840.16K,-2.97%
21/6/2025,"2,295.95","2,405.19","2,448.10","2,220.01",496.78K,-4.59%
20/6/2025,"2,406.50","2,521.31","2,568.69","2,377.26",632.03K,-4.55%
19/6/2025,"2,521.12","2,524.68","2,546.25","2,485.04",252.65K,-0.17%
18/6/2025,"2,525.38","2,510.87","2,545.62","2,468.26",504.68K,0.63%
17/6/2025,"2,509.51","2,543.89","2,616.80","2,455.90",716.52K,-1.16%
16/6/2025,"2,539.00","2,547.69","2,678.87","2,516.91",680.16K,-0.34%
15/6/2025,"2,547.61","2,531.64","2,557.71","2,493.11",299.71K,0.64%
14/6/2025,"2,531.39","2,573.15","2,574.15","2,491.20",331.41K,-1.84%
13/6/2025,"2,578.83","2,642.01","2,643.99","2,447.48",1.20M,-2.45%
12/6/2025,"2,643.65","2,771.72","2,784.47","2,621.69",699.47K,-4.63%
11/6/2025,"2,772.08","2,816.41","2,877.99","2,745.81",850.40K,-1.56%
10/6/2025,"2,815.90","2,679.90","2,825.91","2,657.34",1.14M,5.07%
9/6/2025,"2,680.14","2,509.29","2,693.53","2,477.82",568.69K,6.79%
8/6/2025,"2,509.83","2,524.63","2,545.71","2,492.10",266.47K,-0.59%
7/6/2025,"2,524.64","2,476.10","2,542.00","2,457.00",264.81K,1.99%
6/6/2025,"2,475.30","2,414.02","2,528.83","2,385.60",578.83K,2.54%
5/6/2025,"2,414.10","2,607.68","2,640.47","2,393.70",808.94K,-7.41%
4/6/2025,"2,607.32","2,592.99","2,675.29","2,583.82",502.48K,0.55%
3/6/2025,"2,593.10","2,607.74","2,651.67","2,580.98",454.40K,-0.53%
2/6/2025,"2,606.84","2,537.50","2,614.73","2,476.49",469.07K,2.73%
1/6/2025,"2,537.51","2,528.05","2,546.99","2,471.14",331.75K,0.37%
31/5/2025,"2,528.05","2,529.79","2,550.14","2,486.17",394.54K,-0.13%
30/5/2025,"2,531.39","2,631.96","2,648.70","2,509.43",763.05K,-3.79%
29/5/2025,"2,631.20","2,680.90","2,784.26","2,621.90",811.56K,-1.87%
28/5/2025,"2,681.31","2,660.31","2,688.69","2,609.20",560.07K,0.77%
27/5/2025,"2,660.80","2,563.99","2,711.82","2,512.14",798.44K,3.78%
26/5/2025,"2,563.89","2,550.55","2,596.90","2,529.79",362.97K,0.50%
25/5/2025,"2,551.23","2,529.41","2,554.00","2,467.82",360.05K,0.87%
24/5/2025,"2,529.31","2,525.28","2,575.67","2,515.51",257.38K,0.11%
23/5/2025,"2,526.50","2,664.50","2,732.05","2,503.08",971.43K,-5.19%
22/5/2025,"2,664.69","2,552.06","2,692.50","2,545.67",852.56K,4.44%
21/5/2025,"2,551.41","2,524.47","2,614.77","2,453.19",1.10M,1.09%
20/5/2025,"2,523.84","2,528.29","2,587.39","2,446.21",677.11K,-0.18%
19/5/2025,"2,528.30","2,499.90","2,543.32","2,352.50",862.05K,1.18%
18/5/2025,"2,498.89","2,475.71","2,585.11","2,341.52",810.06K,0.96%
17/5/2025,"2,475.08","2,536.10","2,536.58","2,449.76",494.71K,-2.45%
16/5/2025,"2,537.16","2,548.81","2,647.07","2,531.52",606.05K,-0.43%
15/5/2025,"2,548.24","2,609.74","2,644.71","2,480.46",768.85K,-2.36%
14/5/2025,"2,609.71","2,679.55","2,719.26","2,549.05",830.10K,-2.62%
13/5/2025,"2,680.04","2,495.06","2,734.25","2,418.52",1.03M,7.39%
12/5/2025,"2,495.68","2,514.58","2,621.10","2,413.49",1.07M,-0.78%
11/5/2025,"2,515.32","2,582.21","2,594.80","2,440.48",831.64K,-2.66%
10/5/2025,"2,583.93","2,345.31","2,597.67","2,321.31",979.44K,10.18%
9/5/2025,"2,345.27","2,207.14","2,486.01","2,185.36",1.67M,6.20%
8/5/2025,"2,208.38","1,811.00","2,225.00","1,809.04",1.47M,21.93%
7/5/2025,"1,811.20","1,817.51","1,849.10","1,788.84",456.15K,-0.30%
6/5/2025,"1,816.63","1,820.06","1,820.41","1,754.30",384.73K,-0.20%
5/5/2025,"1,820.31","1,808.87","1,831.98","1,783.48",342.15K,0.63%
4/5/2025,"1,808.86","1,833.52","1,849.67","1,803.79",238.26K,-1.37%
3/5/2025,"1,833.96","1,842.20","1,848.21","1,812.61",213.75K,-0.44%
2/5/2025,"1,842.03","1,838.11","1,870.04","1,813.43",410.68K,0.20%
1/5/2025,"1,838.38","1,793.62","1,872.79","1,792.52",537.21K,2.50%
30/4/2025,"1,793.58","1,798.06","1,816.40","1,736.20",473.56K,-0.27%
29/4/2025,"1,798.40","1,799.99","1,842.08","1,781.31",480.43K,-0.05%
28/4/2025,"1,799.28","1,791.28","1,826.46","1,748.47",587.26K,0.44%
27/4/2025,"1,791.45","1,820.94","1,854.61","1,785.04",340.34K,-1.61%
26/4/2025,"1,820.68","1,785.31","1,835.72","1,779.60",355.25K,2.03%
25/4/2025,"1,784.45","1,768.41","1,825.79","1,739.30",595.61K,0.84%
24/4/2025,"1,769.64","1,794.44","1,802.51","1,725.57",483.46K,-1.42%
23/4/2025,"1,795.08","1,756.90","1,831.20","1,745.56",887.61K,2.21%
22/4/2025,"1,756.24","1,579.15","1,766.55","1,545.19",1.10M,11.18%
21/4/2025,"1,579.57","1,587.96","1,655.87","1,566.22",691.49K,-0.49%
20/4/2025,"1,587.29","1,613.02","1,619.05","1,566.80",276.14K,-1.61%
19/4/2025,"1,613.31","1,588.88","1,627.61","1,585.12",223.08K,1.56%
18/4/2025,"1,588.60","1,583.48","1,600.63","1,573.75",200.41K,0.31%
17/4/2025,"1,583.63","1,576.71","1,616.11","1,563.75",449.87K,0.41%
16/4/2025,"1,577.15","1,586.97","1,612.02","1,538.58",611.39K,-0.73%
15/4/2025,"1,588.78","1,623.85","1,660.41","1,584.73",476.18K,-2.15%
14/4/2025,"1,623.77","1,597.21","1,690.52","1,596.08",645.93K,1.62%
13/4/2025,"1,597.88","1,645.19","1,648.45","1,566.74",580.14K,-2.81%
12/4/2025,"1,644.11","1,567.14","1,666.46","1,546.67",501.86K,4.93%
11/4/2025,"1,566.86","1,521.96","1,587.89","1,507.50",578.49K,2.94%
10/4/2025,"1,522.11","1,668.57","1,668.80","1,474.94",912.58K,-8.82%
9/4/2025,"1,669.39","1,474.20","1,685.55","1,388.21",1.97M,13.30%
8/4/2025,"1,473.39","1,552.05","1,618.54","1,450.48",891.85K,-5.13%
7/4/2025,"1,553.05","1,579.90","1,633.07","1,422.88",2.17M,-1.75%
6/4/2025,"1,580.69","1,807.13","1,816.34","1,538.52",979.85K,-12.47%
5/4/2025,"1,805.88","1,816.98","1,827.28","1,766.70",201.72K,-0.61%
4/4/2025,"1,817.04","1,816.02","1,835.44","1,760.63",572.74K,0.01%
3/4/2025,"1,816.85","1,795.40","1,843.96","1,752.64",508.07K,1.18%
2/4/2025,"1,795.68","1,904.76","1,953.71","1,783.00",750.79K,-5.74%
1/4/2025,"1,904.97","1,822.43","1,925.76","1,818.01",453.00K,4.56%
31/3/2025,"1,821.92","1,808.07","1,851.52","1,778.43",497.91K,0.83%
30/3/2025,"1,806.92","1,828.13","1,849.00","1,773.34",327.81K,-1.14%
29/3/2025,"1,827.69","1,896.90","1,912.80","1,801.44",409.77K,-3.64%
28/3/2025,"1,896.64","2,003.78","2,015.92","1,864.54",626.13K,-5.34%
27/3/2025,"2,003.63","2,009.52","2,036.77","1,988.00",360.62K,-0.29%
26/3/2025,"2,009.53","2,066.15","2,078.20","1,982.57",428.97K,-2.74%
25/3/2025,"2,066.15","2,080.51","2,094.95","2,038.51",328.82K,-0.72%
24/3/2025,"2,081.20","2,003.90","2,101.30","1,978.43",477.92K,3.75%
23/3/2025,"2,005.93","1,980.28","2,019.69","1,977.01",268.66K,1.27%
22/3/2025,"1,980.78","1,964.60","2,005.80","1,964.60",170.78K,0.77%
21/3/2025,"1,965.74","1,983.23","1,996.72","1,938.49",262.65K,-0.92%
20/3/2025,"1,983.90","2,057.25","2,066.34","1,952.86",401.51K,-3.51%
19/3/2025,"2,056.05","1,932.30","2,069.40","1,927.70",691.81K,6.44%
18/3/2025,"1,931.72","1,926.90","1,934.56","1,873.21",332.89K,0.28%
17/3/2025,"1,926.30","1,887.19","1,951.98","1,880.50",334.85K,2.08%
16/3/2025,"1,887.01","1,937.63","1,940.61","1,863.35",324.77K,-2.59%
15/3/2025,"1,937.17","1,912.18","1,954.52","1,904.29",209.55K,1.34%
14/3/2025,"1,911.64","1,863.70","1,945.24","1,861.62",375.82K,2.52%
13/3/2025,"1,864.59","1,908.82","1,916.32","1,823.65",569.53K,-2.29%
12/3/2025,"1,908.20","1,922.52","1,955.55","1,833.66",788.75K,-0.78%
11/3/2025,"1,923.24","1,865.47","1,961.16","1,767.05",1.17M,3.12%
10/3/2025,"1,865.02","2,021.83","2,144.69","1,820.52",1.25M,-7.66%
9/3/2025,"2,019.82","2,202.81","2,211.44","1,993.90",601.66K,-8.34%
8/3/2025,"2,203.58","2,141.03","2,232.27","2,106.79",328.79K,2.90%
7/3/2025,"2,141.53","2,202.20","2,248.72","2,105.40",782.36K,-2.76%
6/3/2025,"2,202.38","2,241.12","2,319.80","2,177.63",596.91K,-1.75%
5/3/2025,"2,241.60","2,170.49","2,272.71","2,156.19",687.13K,3.29%
4/3/2025,"2,170.20","2,147.63","2,221.71","2,001.16",1.26M,0.99%
3/3/2025,"2,149.01","2,522.92","2,522.92","2,099.58",1.11M,-14.66%
2/3/2025,"2,518.10","2,217.39","2,546.36","2,179.80",1.27M,13.56%
1/3/2025,"2,217.41","2,237.63","2,280.29","2,144.56",446.43K,-0.87%
28/2/2025,"2,236.81","2,307.85","2,312.62","2,078.11",1.29M,-3.05%
27/2/2025,"2,307.24","2,339.60","2,379.91","2,232.23",637.64K,-1.31%
26/2/2025,"2,337.95","2,495.70","2,507.10","2,258.27",862.99K,-6.33%
25/2/2025,"2,495.98","2,512.48","2,533.08","2,339.50",1.32M,-0.58%
24/2/2025,"2,510.59","2,820.60","2,838.20","2,492.10",876.45K,-10.96%
23/2/2025,"2,819.72","2,763.48","2,837.86","2,745.94",610.90K,2.04%
22/2/2025,"2,763.22","2,661.00","2,795.30","2,654.73",445.09K,3.79%
21/2/2025,"2,662.32","2,739.90","2,841.54","2,618.86",890.32K,-2.77%
20/2/2025,"2,738.04","2,715.02","2,767.27","2,707.47",336.75K,0.81%
19/2/2025,"2,716.09","2,671.99","2,735.97","2,657.11",326.46K,1.67%
18/2/2025,"2,671.35","2,744.60","2,754.40","2,610.55",604.53K,-2.63%
17/2/2025,"2,743.42","2,659.58","2,845.98","2,647.40",639.70K,3.02%
16/2/2025,"2,662.87","2,692.47","2,724.25","2,656.70",191.22K,-1.12%
15/2/2025,"2,693.04","2,725.48","2,738.09","2,675.49",202.98K,-1.19%
14/2/2025,"2,725.51","2,676.18","2,789.35","2,665.34",419.95K,1.88%
13/2/2025,"2,675.19","2,736.91","2,756.22","2,617.53",443.83K,-2.29%
12/2/2025,"2,737.87","2,602.21","2,789.59","2,553.51",646.29K,5.18%
11/2/2025,"2,603.09","2,665.03","2,724.48","2,580.17",484.19K,-2.18%
10/2/2025,"2,660.98","2,630.00","2,691.51","2,563.31",398.17K,1.25%
9/2/2025,"2,628.13","2,635.11","2,681.92","2,535.09",387.01K,-0.13%
8/2/2025,"2,631.51","2,619.00","2,666.99","2,590.01",379.74K,0.34%
7/2/2025,"2,622.68","2,685.50","2,797.10","2,564.78",695.50K,-2.44%
6/2/2025,"2,688.20","2,791.74","2,854.18","2,666.73",719.52K,-3.50%
5/2/2025,"2,785.58","2,729.39","2,822.49","2,702.48",686.56K,1.97%
4/2/2025,"2,731.75","2,878.99","2,885.00","2,635.91",1.26M,-5.21%
3/2/2025,"2,882.03","2,868.73","2,904.40","2,262.30",2.81M,0.42%
2/2/2025,"2,869.98","3,116.31","3,163.00","2,789.60",1.05M,-7.99%
1/2/2025,"3,119.17","3,299.19","3,331.32","3,103.00",354.41K,-5.44%
31/1/2025,"3,298.55","3,247.35","3,434.05","3,214.11",648.66K,1.58%
30/1/2025,"3,247.20","3,113.99","3,281.85","3,093.25",350.68K,4.30%
29/1/2025,"3,113.21","3,078.87","3,171.08","3,055.50",409.86K,1.15%
28/1/2025,"3,077.71","3,182.78","3,223.00","3,041.03",350.96K,-3.19%
27/1/2025,"3,179.10","3,225.02","3,252.94","3,030.82",755.07K,-1.70%
26/1/2025,"3,234.15","3,320.34","3,359.10","3,234.01",272.06K,-2.53%
25/1/2025,"3,318.15","3,303.52","3,350.20","3,272.36",208.73K,0.22%
24/1/2025,"3,311.03","3,342.12","3,423.80","3,276.29",451.53K,-0.82%
23/1/2025,"3,338.40","3,239.00","3,344.32","3,189.50",605.53K,2.95%
22/1/2025,"3,242.60","3,327.00","3,365.61","3,223.06",349.24K,-2.55%
21/1/2025,"3,327.54","3,285.88","3,364.92","3,204.61",548.78K,1.37%
20/1/2025,"3,282.69","3,210.15","3,449.60","3,150.69",1.16M,2.05%
19/1/2025,"3,216.85","3,304.78","3,445.63","3,133.42",1.34M,-2.78%
18/1/2025,"3,308.70","3,476.87","3,493.50","3,233.79",634.34K,-4.73%
17/1/2025,"3,472.90","3,308.05","3,525.21","3,308.05",518.50K,5.02%
16/1/2025,"3,306.98","3,451.70","3,459.99","3,267.32",471.26K,-4.17%
15/1/2025,"3,450.81","3,227.30","3,469.62","3,187.63",464.16K,7.04%
14/1/2025,"3,223.95","3,136.91","3,254.06","3,127.17",374.32K,2.75%
13/1/2025,"3,137.60","3,267.45","3,337.89","2,943.46",845.96K,-3.97%
12/1/2025,"3,267.30","3,283.78","3,299.57","3,225.00",164.80K,-0.47%
11/1/2025,"3,282.83","3,266.31","3,319.32","3,218.80",151.68K,0.48%
10/1/2025,"3,267.04","3,223.61","3,320.99","3,197.91",454.18K,1.52%
9/1/2025,"3,218.05","3,325.53","3,356.66","3,160.60",501.80K,-3.28%
8/1/2025,"3,327.01","3,385.48","3,414.85","3,218.30",584.81K,-1.58%
7/1/2025,"3,380.44","3,684.00","3,700.67","3,358.95",541.55K,-8.33%
6/1/2025,"3,687.73","3,638.58","3,742.05","3,611.01",329.63K,1.45%
5/1/2025,"3,634.99","3,656.88","3,672.24","3,596.53",155.69K,-0.58%
4/1/2025,"3,656.02","3,609.51","3,669.59","3,575.02",229.16K,1.31%
3/1/2025,"3,608.78","3,455.23","3,626.00","3,424.79",334.01K,4.45%
2/1/2025,"3,455.13","3,360.60","3,494.62","3,355.52",338.64K,2.83%
1/1/2025,"3,360.04","3,336.14","3,373.00","3,315.72",190.21K,0.68%
31/12/2024,"3,337.43","3,361.70","3,449.15","3,317.12",303.12K,-0.71%
30/12/2024,"3,361.41","3,354.01","3,437.12","3,305.57",420.76K,0.17%
29/12/2024,"3,355.67","3,406.53","3,412.40","3,327.25",156.22K,-1.44%
28/12/2024,"3,404.65","3,333.87","3,427.77","3,322.30",175.99K,2.11%
27/12/2024,"3,334.20","3,334.42","3,439.10","3,308.68",342.63K,-0.05%
26/12/2024,"3,335.92","3,497.20","3,512.64","3,304.88",310.14K,-4.60%
25/12/2024,"3,496.59","3,490.78","3,546.50","3,442.66",219.93K,0.09%
24/12/2024,"3,493.29","3,420.03","3,539.52","3,359.78",315.48K,2.09%
23/12/2024,"3,421.92","3,282.64","3,463.52","3,220.24",488.20K,4.28%
22/12/2024,"3,281.56","3,337.88","3,401.89","3,223.32",361.96K,-1.71%
21/12/2024,"3,338.56","3,470.50","3,555.18","3,294.13",475.29K,-3.90%
20/12/2024,"3,474.20","3,418.72","3,496.32","3,103.74",1.33M,1.62%
19/12/2024,"3,418.88","3,632.02","3,719.54","3,337.17",1.08M,-5.76%
18/12/2024,"3,627.80","3,894.85","3,902.36","3,620.60",722.05K,-6.81%
17/12/2024,"3,892.80","3,987.61","4,040.79","3,851.36",450.66K,-2.36%
16/12/2024,"3,987.04","3,960.00","4,102.92","3,885.99",673.41K,0.68%
15/12/2024,"3,960.00","3,867.39","3,973.52","3,832.00",253.82K,2.29%
14/12/2024,"3,871.19","3,909.37","3,942.99","3,828.23",265.57K,-0.91%
13/12/2024,"3,906.81","3,881.69","3,966.55","3,853.79",387.76K,0.65%
12/12/2024,"3,881.61","3,831.81","3,985.39","3,797.60",572.14K,1.31%
11/12/2024,"3,831.49","3,630.79","3,848.09","3,564.80",461.81K,5.58%
10/12/2024,"3,629.00","3,711.63","3,778.62","3,521.81",942.26K,-2.42%
9/12/2024,"3,719.10","4,005.00","4,005.00","3,550.50",939.65K,-7.09%
8/12/2024,"4,002.82","3,998.99","4,015.19","3,924.72",251.18K,0.17%
7/12/2024,"3,996.22","4,000.00","4,024.00","3,969.34",283.95K,-0.07%
6/12/2024,"3,998.87","3,789.68","4,084.99","3,780.60",803.85K,5.65%
5/12/2024,"3,785.10","3,837.01","3,950.20","3,696.01",946.48K,-1.33%
4/12/2024,"3,836.01","3,617.68","3,885.59","3,616.20",968.74K,6.11%
3/12/2024,"3,615.01","3,643.07","3,669.34","3,510.60",678.40K,-0.78%
2/12/2024,"3,643.49","3,712.99","3,756.40","3,561.78",737.15K,-1.73%
1/12/2024,"3,707.80","3,703.60","3,743.82","3,660.79",429.06K,0.14%
30/11/2024,"3,702.78","3,591.73","3,733.17","3,573.00",503.68K,3.08%
29/11/2024,"3,592.04","3,582.35","3,642.94","3,538.99",425.50K,0.38%
28/11/2024,"3,578.34","3,653.20","3,661.31","3,530.70",561.02K,-2.06%
27/11/2024,"3,653.79","3,323.85","3,684.66","3,303.79",754.03K,9.84%
26/11/2024,"3,326.42","3,417.90","3,460.29","3,254.47",672.46K,-2.51%
25/11/2024,"3,412.00","3,360.57","3,544.64","3,301.61",949.33K,1.50%
24/11/2024,"3,361.56","3,392.05","3,448.61","3,285.33",479.05K,-0.96%
23/11/2024,"3,394.01","3,327.77","3,495.03","3,317.00",721.09K,1.99%
22/11/2024,"3,327.78","3,355.36","3,424.45","3,261.15",603.25K,-0.85%
21/11/2024,"3,356.41","3,069.96","3,386.47","3,034.34",974.88K,9.34%
20/11/2024,"3,069.70","3,106.85","3,158.30","3,031.00",503.59K,-1.17%
19/11/2024,"3,105.96","3,213.01","3,219.69","3,066.31",500.17K,-3.17%
18/11/2024,"3,207.50","3,072.60","3,220.60","3,052.17",640.63K,4.30%
17/11/2024,"3,075.35","3,133.27","3,160.09","3,037.37",449.86K,-1.81%
16/11/2024,"3,132.01","3,089.13","3,215.95","3,072.91",423.61K,1.38%
15/11/2024,"3,089.44","3,056.62","3,128.50","3,015.75",519.69K,1.03%
14/11/2024,"3,058.05","3,188.35","3,238.40","3,038.57",605.72K,-4.05%
13/11/2024,"3,187.00","3,244.60","3,326.57","3,117.82",919.70K,-1.70%
12/11/2024,"3,242.21","3,374.16","3,440.00","3,209.12",973.09K,-3.85%
11/11/2024,"3,372.20","3,182.99","3,384.62","3,107.60",1.00M,5.84%
10/11/2024,"3,186.01","3,126.21","3,247.62","3,076.65",865.54K,1.86%
9/11/2024,"3,127.73","2,961.31","3,153.35","2,954.56",526.42K,5.61%
8/11/2024,"2,961.67","2,896.11","2,981.55","2,887.19",568.87K,2.33%
7/11/2024,"2,894.11","2,719.39","2,914.90","2,700.01",730.98K,6.33%
6/11/2024,"2,721.86","2,422.49","2,740.39","2,422.02",1.00M,12.36%
5/11/2024,"2,422.47","2,397.30","2,478.69","2,380.75",331.52K,0.98%
4/11/2024,"2,398.93","2,457.01","2,490.15","2,362.88",306.32K,-2.39%
3/11/2024,"2,457.72","2,494.21","2,496.34","2,411.71",276.13K,-1.39%
2/11/2024,"2,492.40","2,512.33","2,523.45","2,472.09",145.88K,-0.78%
1/11/2024,"2,511.92","2,518.44","2,584.16","2,471.50",430.21K,-0.29%
31/10/2024,"2,519.13","2,659.49","2,668.37","2,506.61",403.42K,-5.25%
30/10/2024,"2,658.58","2,638.79","2,719.91","2,600.60",460.63K,0.76%
29/10/2024,"2,638.60","2,567.90","2,679.57","2,561.31",451.87K,2.77%
28/10/2024,"2,567.41","2,507.81","2,587.60","2,473.10",360.63K,2.40%
27/10/2024,"2,507.34","2,482.51","2,525.39","2,465.70",137.26K,1.00%
26/10/2024,"2,482.50","2,445.47","2,506.42","2,430.73",249.60K,1.69%
25/10/2024,"2,441.15","2,537.60","2,564.09","2,387.00",514.66K,-3.73%
24/10/2024,"2,535.82","2,524.30","2,561.81","2,509.01",290.85K,0.44%
23/10/2024,"2,524.60","2,625.55","2,625.55","2,463.69",352.65K,-3.75%
22/10/2024,"2,622.94","2,666.70","2,671.34","2,607.57",265.74K,-1.64%
21/10/2024,"2,666.71","2,747.03","2,766.09","2,656.61",310.72K,-2.93%
20/10/2024,"2,747.32","2,648.90","2,757.57","2,635.79",257.07K,3.78%
19/10/2024,"2,647.34","2,641.95","2,662.61","2,631.20",105.24K,0.21%
18/10/2024,"2,641.71","2,603.60","2,675.23","2,596.72",292.46K,1.39%
17/10/2024,"2,605.59","2,613.99","2,647.10","2,578.04",221.62K,-0.21%
16/10/2024,"2,611.11","2,607.66","2,645.39","2,589.74",260.32K,0.13%
15/10/2024,"2,607.79","2,631.24","2,681.64","2,540.19",416.27K,-0.87%
14/10/2024,"2,630.59","2,469.09","2,651.31","2,444.56",435.92K,6.55%
13/10/2024,"2,468.92","2,477.54","2,484.10","2,437.40",120.05K,-0.30%
12/10/2024,"2,476.44","2,438.95","2,489.50","2,434.36",139.64K,1.64%
11/10/2024,"2,436.54","2,385.11","2,470.58","2,382.24",235.23K,2.14%
10/10/2024,"2,385.48","2,370.84","2,417.71","2,333.01",257.91K,0.65%
9/10/2024,"2,370.02","2,441.59","2,472.00","2,355.19",242.07K,-2.90%
8/10/2024,"2,440.89","2,422.71","2,461.83","2,403.23",201.37K,0.75%
7/10/2024,"2,422.65","2,440.06","2,520.01","2,407.01",300.39K,-0.72%
6/10/2024,"2,440.21","2,415.46","2,455.87","2,407.13",105.77K,1.04%
5/10/2024,"2,415.00","2,414.41","2,427.29","2,390.06",103.73K,0.02%
4/10/2024,"2,414.41","2,349.91","2,440.70","2,339.92",239.39K,2.76%
3/10/2024,"2,349.61","2,364.11","2,402.61","2,311.65",314.64K,-0.68%
2/10/2024,"2,365.60","2,446.37","2,498.64","2,355.11",317.49K,-3.43%
1/10/2024,"2,449.59","2,602.23","2,656.69","2,422.10",502.87K,-5.91%
30/9/2024,"2,603.52","2,658.21","2,661.60","2,579.29",282.42K,-2.04%
29/9/2024,"2,657.61","2,676.34","2,683.69","2,634.65",160.55K,-0.68%
28/9/2024,"2,675.70","2,694.87","2,703.75","2,651.37",137.25K,-0.70%
27/9/2024,"2,694.48","2,631.66","2,726.62","2,615.92",281.90K,2.37%
26/9/2024,"2,632.01","2,579.01","2,664.98","2,560.45",278.65K,2.00%
25/9/2024,"2,580.31","2,652.87","2,672.00","2,557.87",220.35K,-2.72%
24/9/2024,"2,652.37","2,648.16","2,669.17","2,592.99",288.58K,0.18%
23/9/2024,"2,647.60","2,579.79","2,701.54","2,544.89",333.27K,2.58%
22/9/2024,"2,580.99","2,613.27","2,631.28","2,527.75",214.27K,-1.23%
21/9/2024,"2,613.15","2,562.48","2,619.74","2,530.09",154.80K,2.02%
20/9/2024,"2,561.40","2,466.36","2,570.48","2,438.99",340.75K,3.93%
19/9/2024,"2,464.47","2,375.00","2,491.51","2,373.31",326.81K,3.90%
18/9/2024,"2,372.02","2,339.53","2,372.02","2,279.09",292.33K,1.29%
17/9/2024,"2,341.77","2,294.77","2,392.39","2,264.55",274.21K,2.01%
16/9/2024,"2,295.67","2,314.15","2,334.19","2,254.43",330.59K,-0.92%
15/9/2024,"2,317.10","2,418.19","2,428.61","2,295.26",174.22K,-4.15%
14/9/2024,"2,417.54","2,438.65","2,440.35","2,384.43",123.16K,-0.89%
13/9/2024,"2,439.20","2,361.73","2,459.28","2,337.80",253.89K,3.28%
12/9/2024,"2,361.76","2,339.90","2,387.39","2,316.36",202.64K,0.92%
11/9/2024,"2,340.20","2,388.40","2,388.40","2,278.77",282.93K,-1.99%
10/9/2024,"2,387.79","2,358.59","2,396.91","2,324.00",224.39K,1.19%
9/9/2024,"2,359.63","2,297.00","2,377.63","2,274.40",321.72K,2.76%
8/9/2024,"2,296.15","2,273.71","2,332.33","2,243.26",192.68K,0.99%
7/9/2024,"2,273.58","2,225.95","2,310.54","2,222.80",219.45K,2.15%
6/9/2024,"2,225.63","2,368.80","2,407.29","2,151.55",642.98K,-6.06%
5/9/2024,"2,369.14","2,451.43","2,465.65","2,351.60",278.59K,-3.33%
4/9/2024,"2,450.71","2,426.60","2,488.75","2,318.34",384.20K,1.14%
3/9/2024,"2,423.11","2,538.33","2,551.76","2,419.75",224.61K,-4.53%
2/9/2024,"2,538.15","2,427.14","2,560.51","2,425.62",262.63K,4.56%
1/9/2024,"2,427.40","2,513.01","2,515.79","2,403.65",223.11K,-3.43%
31/8/2024,"2,513.60","2,526.39","2,532.96","2,493.87",97.91K,-0.47%
30/8/2024,"2,525.48","2,526.20","2,540.80","2,437.08",338.41K,-0.13%
29/8/2024,"2,528.71","2,528.87","2,594.59","2,509.60",236.98K,0.04%
28/8/2024,"2,527.60","2,456.11","2,553.00","2,421.62",451.36K,2.84%
27/8/2024,"2,457.88","2,680.21","2,699.73","2,395.19",412.60K,-8.29%
26/8/2024,"2,680.16","2,746.12","2,761.65","2,668.68",211.92K,-2.48%
25/8/2024,"2,748.28","2,767.87","2,792.09","2,734.80",154.39K,-0.74%
24/8/2024,"2,768.89","2,762.80","2,818.20","2,735.85",263.50K,0.21%
23/8/2024,"2,762.97","2,623.75","2,794.80","2,622.01",401.67K,5.34%
22/8/2024,"2,622.89","2,631.40","2,644.17","2,587.38",199.06K,-0.30%
21/8/2024,"2,630.70","2,573.87","2,658.99","2,541.79",245.31K,2.26%
20/8/2024,"2,572.45","2,638.39","2,692.61","2,557.87",281.33K,-2.45%
19/8/2024,"2,637.09","2,611.22","2,647.60","2,565.15",224.90K,0.96%
18/8/2024,"2,612.07","2,614.53","2,682.00","2,596.78",174.01K,-0.09%
17/8/2024,"2,614.32","2,592.68","2,626.61","2,588.30",89.36K,0.85%
16/8/2024,"2,592.40","2,569.90","2,627.41","2,552.90",270.83K,0.90%
15/8/2024,"2,569.39","2,662.40","2,675.15","2,525.11",356.40K,-3.52%
14/8/2024,"2,663.00","2,702.86","2,761.71","2,635.90",338.82K,-1.46%
13/8/2024,"2,702.44","2,720.19","2,737.49","2,612.80",325.67K,-0.74%
12/8/2024,"2,722.60","2,555.00","2,747.27","2,518.40",483.39K,6.62%
11/8/2024,"2,553.49","2,609.92","2,713.55","2,546.00",297.10K,-2.18%
10/8/2024,"2,610.29","2,598.78","2,640.29","2,579.83",170.99K,0.44%
9/8/2024,"2,598.85","2,682.13","2,703.76","2,556.88",407.52K,-3.17%
8/8/2024,"2,683.80","2,338.48","2,716.33","2,322.95",585.85K,14.56%
7/8/2024,"2,342.80","2,461.87","2,550.38","2,311.81",630.10K,-4.84%
6/8/2024,"2,461.86","2,419.42","2,548.20","2,419.42",642.24K,1.91%
5/8/2024,"2,415.80","2,692.25","2,696.88","2,166.41",2.67M,-10.14%
4/8/2024,"2,688.48","2,902.91","2,931.21","2,638.92",511.99K,-7.44%
3/8/2024,"2,904.64","2,985.65","3,017.52","2,863.50",344.34K,-2.87%
2/8/2024,"2,990.32","3,203.31","3,217.30","2,967.31",385.83K,-6.70%
1/8/2024,"3,204.97","3,232.03","3,242.01","3,082.02",323.23K,-0.83%
31/7/2024,"3,231.71","3,279.54","3,348.60","3,216.40",233.69K,-1.44%
30/7/2024,"3,278.89","3,320.20","3,366.00","3,237.57",197.29K,-1.18%
29/7/2024,"3,318.13","3,270.94","3,396.64","3,260.59",318.46K,1.47%
28/7/2024,"3,270.16","3,248.80","3,282.49","3,201.61",103.53K,0.72%
27/7/2024,"3,246.82","3,274.63","3,326.80","3,199.83",231.98K,-0.86%
26/7/2024,"3,275.06","3,174.90","3,285.71","3,173.00",260.24K,3.14%
25/7/2024,"3,175.47","3,336.08","3,342.00","3,088.93",494.29K,-4.79%
24/7/2024,"3,335.11","3,482.51","3,487.00","3,311.63",275.47K,-4.23%
23/7/2024,"3,482.51","3,439.52","3,537.86","3,396.68",500.60K,1.24%
22/7/2024,"3,439.99","3,536.40","3,559.60","3,424.79",207.82K,-2.70%
21/7/2024,"3,535.49","3,518.99","3,544.64","3,415.67",218.98K,0.53%
20/7/2024,"3,517.01","3,505.29","3,538.21","3,480.00",147.41K,0.36%
19/7/2024,"3,504.45","3,425.62","3,539.40","3,377.86",299.51K,2.29%
18/7/2024,"3,425.89","3,389.78","3,489.45","3,374.60",241.99K,1.12%
17/7/2024,"3,387.80","3,444.96","3,514.60","3,378.58",297.82K,-1.60%
16/7/2024,"3,442.95","3,483.39","3,494.49","3,347.78",376.17K,-1.20%
15/7/2024,"3,484.73","3,245.99","3,490.81","3,233.69",314.20K,7.44%
14/7/2024,"3,243.40","3,176.40","3,265.73","3,165.30",165.29K,2.15%
13/7/2024,"3,174.99","3,134.08","3,200.00","3,113.38",119.26K,1.33%
12/7/2024,"3,133.22","3,101.41","3,157.41","3,048.54",185.75K,1.08%
11/7/2024,"3,099.80","3,099.60","3,214.00","3,057.59",289.23K,-0.04%
10/7/2024,"3,101.11","3,066.17","3,149.76","3,026.33",270.83K,1.18%
9/7/2024,"3,064.94","3,017.01","3,108.71","3,004.55",280.36K,1.50%
8/7/2024,"3,019.60","2,932.16","3,083.99","2,825.98",500.48K,3.06%
7/7/2024,"2,930.08","3,067.60","3,072.19","2,923.28",179.83K,-4.52%
6/7/2024,"3,068.81","2,980.82","3,080.08","2,955.53",214.47K,2.94%
5/7/2024,"2,981.23","3,057.30","3,108.73","2,822.15",887.16K,-2.50%
4/7/2024,"3,057.66","3,299.40","3,313.21","3,051.85",450.24K,-7.20%
3/7/2024,"3,295.01","3,421.70","3,432.09","3,256.63",310.43K,-3.70%
2/7/2024,"3,421.70","3,443.16","3,463.92","3,403.01",137.80K,-0.61%
1/7/2024,"3,442.69","3,439.79","3,522.02","3,426.67",224.26K,0.14%
30/6/2024,"3,437.81","3,378.33","3,459.10","3,356.73",141.20K,1.75%
29/6/2024,"3,378.59","3,382.14","3,408.32","3,374.80",88.32K,-0.05%
28/6/2024,"3,380.14","3,450.09","3,487.03","3,369.68",221.63K,-2.04%
27/6/2024,"3,450.44","3,372.00","3,472.60","3,364.00",201.09K,2.37%
26/6/2024,"3,370.61","3,394.90","3,424.69","3,328.48",206.90K,-0.72%
25/6/2024,"3,395.00","3,351.31","3,425.01","3,337.16",240.15K,1.28%
24/6/2024,"3,352.21","3,418.98","3,433.21","3,245.99",543.32K,-2.00%
23/6/2024,"3,420.73","3,496.07","3,520.18","3,410.21",133.35K,-2.15%
22/6/2024,"3,495.85","3,519.48","3,520.79","3,476.00",115.79K,-0.63%
21/6/2024,"3,517.92","3,513.59","3,543.06","3,447.55",342.16K,0.14%
20/6/2024,"3,512.87","3,560.59","3,624.42","3,486.66",329.14K,-1.36%
19/6/2024,"3,561.32","3,485.07","3,585.77","3,466.80",321.51K,2.20%
18/6/2024,"3,484.60","3,512.40","3,515.81","3,373.00",449.90K,-0.77%
17/6/2024,"3,511.47","3,625.44","3,637.00","3,470.79",337.81K,-3.14%
16/6/2024,"3,625.14","3,568.00","3,650.01","3,541.47",149.82K,1.58%
15/6/2024,"3,568.75","3,483.82","3,592.87","3,474.30",246.64K,2.50%
14/6/2024,"3,481.79","3,469.20","3,530.93","3,368.18",322.32K,0.33%
13/6/2024,"3,470.20","3,560.07","3,561.20","3,433.00",300.24K,-2.52%
12/6/2024,"3,559.94","3,497.30","3,652.90","3,464.20",387.05K,1.77%
11/6/2024,"3,498.00","3,666.06","3,672.99","3,433.02",439.57K,-4.63%
10/6/2024,"3,667.86","3,705.86","3,711.90","3,650.39",156.34K,-1.04%
9/6/2024,"3,706.32","3,681.31","3,718.96","3,668.45",103.45K,0.67%
8/6/2024,"3,681.57","3,677.01","3,709.41","3,670.29",140.58K,0.09%
7/6/2024,"3,678.31","3,812.70","3,840.90","3,607.76",362.22K,-3.53%
6/6/2024,"3,812.93","3,866.41","3,878.44","3,765.31",237.53K,-1.35%
5/6/2024,"3,865.15","3,811.99","3,885.19","3,778.06",273.70K,1.44%
4/6/2024,"3,810.24","3,765.86","3,831.38","3,743.13",232.06K,1.15%
3/6/2024,"3,767.07","3,780.92","3,849.56","3,759.01",248.90K,-0.40%
2/6/2024,"3,782.10","3,816.67","3,838.40","3,753.56",210.25K,-0.89%
1/6/2024,"3,815.93","3,765.83","3,832.37","3,753.29",132.67K,1.42%
31/5/2024,"3,762.59","3,748.31","3,845.00","3,724.51",273.40K,0.39%
30/5/2024,"3,747.91","3,767.15","3,824.91","3,703.70",277.03K,-0.58%
29/5/2024,"3,769.65","3,847.76","3,886.39","3,745.70",334.76K,-1.97%
28/5/2024,"3,845.56","3,894.21","3,929.20","3,775.00",416.24K,-1.25%
27/5/2024,"3,894.21","3,826.84","3,975.99","3,824.23",363.80K,1.79%
26/5/2024,"3,825.90","3,749.15","3,881.59","3,733.80",291.93K,2.04%
25/5/2024,"3,749.26","3,728.90","3,776.60","3,709.61",158.71K,0.56%
24/5/2024,"3,728.27","3,780.71","3,829.20","3,635.24",479.42K,-1.51%
23/5/2024,"3,785.60","3,744.17","3,941.40","3,645.94",1.13M,1.24%
22/5/2024,"3,739.09","3,789.99","3,810.52","3,654.56",575.16K,-1.36%
21/5/2024,"3,790.49","3,671.75","3,832.99","3,630.79",952.23K,3.53%
20/5/2024,"3,661.15","3,071.09","3,679.31","3,048.29",847.07K,19.18%
19/5/2024,"3,072.06","3,125.06","3,135.98","3,058.30",165.67K,-1.63%
18/5/2024,"3,122.86","3,087.66","3,145.53","3,084.69",200.01K,1.00%
17/5/2024,"3,092.01","2,944.68","3,116.53","2,933.34",357.72K,4.99%
16/5/2024,"2,944.95","3,032.56","3,040.59","2,924.15",294.01K,-2.96%
15/5/2024,"3,034.71","2,883.59","3,041.10","2,864.41",350.18K,5.30%
14/5/2024,"2,881.94","2,950.60","2,958.88","2,866.01",269.68K,-2.34%
13/5/2024,"2,951.04","2,931.39","2,993.14","2,864.98",368.66K,0.74%
12/5/2024,"2,929.29","2,911.66","2,953.85","2,903.15",107.67K,0.58%
11/5/2024,"2,912.45","2,909.81","2,943.25","2,889.45",138.19K,0.09%
10/5/2024,"2,909.81","3,037.21","3,052.88","2,882.69",327.84K,-4.16%
9/5/2024,"3,036.24","2,975.73","3,057.01","2,953.13",238.56K,2.07%
8/5/2024,"2,974.81","3,004.35","3,036.70","2,941.75",266.94K,-1.05%
7/5/2024,"3,006.38","3,063.26","3,128.24","3,004.00",298.80K,-1.81%
6/5/2024,"3,061.76","3,136.64","3,219.97","3,048.60",355.13K,-2.38%
5/5/2024,"3,136.30","3,117.12","3,170.61","3,074.45",218.78K,0.61%
4/5/2024,"3,117.21","3,102.98","3,166.10","3,095.38",196.27K,0.49%
3/5/2024,"3,102.14","2,986.59","3,125.61","2,958.96",355.93K,3.85%
2/5/2024,"2,987.02","2,974.37","3,014.49","2,896.96",365.92K,0.47%
1/5/2024,"2,973.10","3,015.52","3,023.04","2,818.96",624.90K,-1.37%
30/4/2024,"3,014.35","3,216.80","3,250.41","2,927.97",561.72K,-6.28%
29/4/2024,"3,216.25","3,263.61","3,286.73","3,119.53",421.86K,-1.39%
28/4/2024,"3,261.64","3,258.60","3,347.40","3,250.61",304.75K,0.19%
27/4/2024,"3,255.55","3,131.39","3,282.99","3,073.92",323.81K,3.98%
26/4/2024,"3,130.86","3,157.93","3,165.84","3,104.75",252.54K,-0.79%
25/4/2024,"3,155.80","3,140.40","3,189.02","3,078.60",352.28K,0.47%
24/4/2024,"3,141.01","3,218.80","3,292.33","3,112.07",393.27K,-2.46%
23/4/2024,"3,220.10","3,198.09","3,262.50","3,153.79",253.99K,0.62%
22/4/2024,"3,200.20","3,146.95","3,233.81","3,130.19",290.88K,1.66%
21/4/2024,"3,147.81","3,156.13","3,195.40","3,116.79",219.97K,-0.28%
20/4/2024,"3,156.64","3,056.30","3,168.88","3,020.78",242.56K,3.28%
19/4/2024,"3,056.46","3,062.19","3,122.38","2,872.01",607.89K,-0.26%
18/4/2024,"3,064.43","2,985.71","3,089.60","2,955.25",389.02K,2.63%
17/4/2024,"2,985.80","3,084.00","3,123.75","2,917.57",491.77K,-3.17%
16/4/2024,"3,083.39","3,098.14","3,124.97","2,998.02",526.13K,-0.56%
15/4/2024,"3,100.80","3,144.77","3,272.89","3,030.63",605.44K,-1.64%
14/4/2024,"3,152.35","3,005.75","3,168.41","2,914.00",739.18K,4.94%
13/4/2024,"3,004.06","3,237.14","3,296.56","2,862.97",993.70K,-7.28%
12/4/2024,"3,240.01","3,501.41","3,551.21","3,151.00",697.17K,-7.49%
11/4/2024,"3,502.52","3,543.27","3,615.15","3,479.21",338.15K,-1.20%
10/4/2024,"3,545.11","3,502.53","3,560.00","3,419.11",389.46K,1.09%
9/4/2024,"3,507.03","3,695.39","3,723.80","3,459.95",457.55K,-5.09%
8/4/2024,"3,694.93","3,457.27","3,727.81","3,409.59",496.78K,6.97%
7/4/2024,"3,454.19","3,351.76","3,459.46","3,344.90",210.54K,3.05%
6/4/2024,"3,352.00","3,318.61","3,394.80","3,307.21",183.16K,1.03%
5/4/2024,"3,317.86","3,325.95","3,344.20","3,212.88",344.56K,-0.29%
4/4/2024,"3,327.40","3,310.84","3,435.39","3,254.39",356.33K,0.51%
3/4/2024,"3,310.63","3,278.01","3,366.80","3,203.14",410.54K,1.00%
2/4/2024,"3,278.00","3,504.41","3,505.40","3,216.53",623.21K,-6.42%
1/4/2024,"3,502.80","3,643.43","3,645.00","3,421.99",409.07K,-3.96%
31/3/2024,"3,647.07","3,505.38","3,652.88","3,505.09",243.27K,4.00%
30/3/2024,"3,506.80","3,511.54","3,564.01","3,487.64",215.98K,-0.08%
29/3/2024,"3,509.73","3,560.61","3,583.15","3,475.00",323.11K,-1.40%
28/3/2024,"3,559.40","3,500.51","3,609.71","3,470.60",404.65K,1.69%
27/3/2024,"3,500.41","3,587.95","3,661.83","3,462.43",443.21K,-2.43%
26/3/2024,"3,587.49","3,592.52","3,677.31","3,544.39",499.00K,-0.09%
25/3/2024,"3,590.81","3,456.73","3,651.20","3,421.07",548.58K,3.92%
24/3/2024,"3,455.34","3,328.55","3,469.60","3,300.71",260.94K,3.67%
23/3/2024,"3,332.90","3,333.48","3,430.00","3,275.81",323.87K,-0.04%
22/3/2024,"3,334.13","3,497.49","3,541.59","3,254.49",558.72K,-4.54%
21/3/2024,"3,492.84","3,517.79","3,582.90","3,413.53",602.75K,-0.62%
20/3/2024,"3,514.66","3,156.74","3,531.19","3,063.51",1.21M,11.05%
19/3/2024,"3,165.05","3,518.66","3,546.25","3,151.22",1.05M,-10.09%
18/3/2024,"3,520.33","3,640.38","3,641.65","3,454.80",570.90K,-3.41%
17/3/2024,"3,644.70","3,533.44","3,678.10","3,421.54",517.79K,3.43%
16/3/2024,"3,523.70","3,742.55","3,778.62","3,476.98",548.29K,-5.81%
15/3/2024,"3,741.19","3,885.84","3,931.39","3,591.16",947.59K,-3.62%
14/3/2024,"3,881.70","4,005.79","4,009.95","3,729.43",648.24K,-3.06%
13/3/2024,"4,004.35","3,982.49","4,078.63","3,936.02",482.29K,0.61%
12/3/2024,"3,979.94","4,065.39","4,091.67","3,844.53",632.80K,-2.10%
11/3/2024,"4,065.25","3,878.39","4,082.00","3,755.60",721.50K,4.82%
10/3/2024,"3,878.46","3,908.91","3,962.01","3,793.70",356.81K,-0.68%
9/3/2024,"3,905.21","3,883.87","3,941.53","3,872.94",254.82K,0.56%
8/3/2024,"3,883.29","3,868.88","3,991.96","3,825.15",646.43K,0.35%
7/3/2024,"3,869.87","3,820.12","3,933.05","3,736.25",541.01K,1.45%
6/3/2024,"3,814.40","3,557.20","3,899.99","3,503.46",969.69K,7.27%
5/3/2024,"3,555.91","3,626.55","3,820.49","3,235.32",1.39M,-1.95%
4/3/2024,"3,626.60","3,487.97","3,638.59","3,445.56",715.33K,3.95%
3/3/2024,"3,488.68","3,420.54","3,491.57","3,364.37",341.60K,1.99%
2/3/2024,"3,420.67","3,433.89","3,460.03","3,395.03",284.06K,-0.37%
1/3/2024,"3,433.54","3,342.62","3,449.64","3,339.80",412.77K,2.82%
29/2/2024,"3,339.21","3,383.20","3,520.87","3,300.32",759.82K,-1.30%
28/2/2024,"3,383.06","3,242.54","3,482.96","3,183.07",947.43K,4.34%
27/2/2024,"3,242.22","3,177.19","3,285.72","3,166.00",625.92K,2.08%
26/2/2024,"3,176.05","3,114.35","3,194.20","3,038.08",546.75K,2.04%
25/2/2024,"3,112.60","2,992.66","3,117.97","2,984.24",412.28K,4.02%
24/2/2024,"2,992.27","2,923.79","3,006.00","2,907.22",243.86K,2.40%
23/2/2024,"2,922.24","2,971.99","2,992.83","2,906.41",428.92K,-1.69%
22/2/2024,"2,972.55","2,968.58","3,031.85","2,907.22",563.65K,0.04%
21/2/2024,"2,971.31","3,015.73","3,016.96","2,871.94",595.82K,-1.47%
20/2/2024,"3,015.58","2,944.98","3,030.91","2,880.02",634.88K,2.40%
19/2/2024,"2,944.99","2,882.01","2,983.95","2,859.99",446.28K,2.25%
18/2/2024,"2,880.29","2,786.42","2,892.81","2,765.95",367.94K,3.39%
17/2/2024,"2,785.92","2,802.41","2,804.20","2,721.19",243.30K,-0.57%
16/2/2024,"2,801.80","2,823.25","2,857.01","2,759.59",378.10K,-0.74%
15/2/2024,"2,822.59","2,774.51","2,864.68","2,760.99",481.80K,1.71%
14/2/2024,"2,775.12","2,640.00","2,785.50","2,619.76",461.61K,5.12%
13/2/2024,"2,640.02","2,661.81","2,686.12","2,597.06",502.63K,-0.67%
12/2/2024,"2,657.80","2,507.30","2,663.57","2,473.52",449.27K,6.03%
11/2/2024,"2,506.63","2,500.35","2,537.77","2,493.76",219.97K,0.26%
10/2/2024,"2,500.23","2,488.13","2,515.90","2,472.91",185.11K,0.57%
9/2/2024,"2,486.15","2,420.81","2,522.91","2,419.16",492.37K,2.75%
8/2/2024,"2,419.56","2,425.67","2,461.00","2,411.97",338.17K,-0.21%
7/2/2024,"2,424.66","2,372.66","2,443.71","2,354.44",342.80K,2.19%
6/2/2024,"2,372.64","2,301.84","2,390.54","2,299.24",368.91K,3.08%
5/2/2024,"2,301.84","2,289.27","2,336.63","2,271.32",236.63K,0.53%
4/2/2024,"2,289.78","2,296.08","2,310.39","2,271.99",171.21K,-0.29%
3/2/2024,"2,296.50","2,309.33","2,329.51","2,293.07",133.28K,-0.55%
2/2/2024,"2,309.31","2,304.56","2,324.58","2,282.89",238.25K,0.22%
1/2/2024,"2,304.28","2,283.95","2,311.36","2,240.60",310.98K,0.93%
31/1/2024,"2,283.14","2,342.82","2,350.77","2,266.83",397.13K,-2.56%
30/1/2024,"2,343.10","2,317.60","2,389.17","2,298.86",372.97K,1.09%
29/1/2024,"2,317.81","2,255.22","2,320.96","2,237.67",305.41K,2.70%
28/1/2024,"2,256.91","2,267.30","2,306.41","2,240.09",209.33K,-0.49%
27/1/2024,"2,267.92","2,267.82","2,282.15","2,252.32",145.14K,0.02%
26/1/2024,"2,267.57","2,218.05","2,280.80","2,195.85",363.55K,2.25%
25/1/2024,"2,217.66","2,234.10","2,242.87","2,173.83",330.45K,-0.76%
24/1/2024,"2,234.61","2,240.68","2,264.59","2,198.93",359.97K,-0.40%
23/1/2024,"2,243.64","2,314.11","2,351.10","2,169.59",700.02K,-3.02%
22/1/2024,"2,313.60","2,458.11","2,465.94","2,304.00",526.35K,-5.84%
21/1/2024,"2,457.06","2,472.01","2,481.59","2,453.45",122.59K,-0.60%
20/1/2024,"2,472.01","2,491.63","2,491.63","2,455.00",136.60K,-0.79%
19/1/2024,"2,491.76","2,469.22","2,504.07","2,418.48",424.19K,0.89%
18/1/2024,"2,469.74","2,530.62","2,548.80","2,430.94",452.12K,-2.43%
17/1/2024,"2,531.28","2,588.49","2,592.88","2,510.00",366.32K,-2.22%
16/1/2024,"2,588.69","2,512.00","2,613.70","2,501.02",381.04K,3.06%
15/1/2024,"2,511.91","2,474.53","2,553.25","2,472.72",315.38K,1.53%
14/1/2024,"2,473.98","2,577.44","2,578.32","2,470.21",306.01K,-4.05%
13/1/2024,"2,578.39","2,522.83","2,589.99","2,498.42",422.13K,2.15%
12/1/2024,"2,524.03","2,620.13","2,712.82","2,463.16",887.37K,-3.59%
11/1/2024,"2,618.02","2,585.32","2,688.39","2,567.57",838.73K,1.40%
10/1/2024,"2,581.78","2,344.82","2,629.63","2,342.28",1.04M,10.13%
9/1/2024,"2,344.32","2,331.54","2,369.60","2,228.58",551.45K,0.57%
8/1/2024,"2,330.98","2,221.00","2,357.13","2,167.39",539.39K,4.93%
7/1/2024,"2,221.38","2,240.69","2,254.67","2,209.42",207.12K,-0.85%
6/1/2024,"2,240.46","2,268.80","2,269.64","2,217.00",194.11K,-1.22%
5/1/2024,"2,268.11","2,267.99","2,275.22","2,207.36",405.68K,0.04%
4/1/2024,"2,267.23","2,208.40","2,293.20","2,202.96",448.73K,2.62%
3/1/2024,"2,209.41","2,355.70","2,383.86","2,122.71",798.71K,-6.19%
2/1/2024,"2,355.24","2,348.09","2,430.51","2,347.59",458.04K,0.14%
1/1/2024,"2,352.04","2,281.79","2,352.04","2,266.71",216.70K,3.08%
31/12/2023,"2,281.87","2,291.03","2,320.88","2,264.79",222.18K,-0.43%
30/12/2023,"2,291.68","2,297.84","2,322.74","2,269.24",210.55K,-0.33%
29/12/2023,"2,299.19","2,344.21","2,385.23","2,265.65",450.20K,-1.93%
28/12/2023,"2,344.38","2,379.33","2,443.56","2,338.40",580.50K,-1.44%
27/12/2023,"2,378.63","2,232.09","2,391.49","2,213.73",541.53K,6.63%
26/12/2023,"2,230.72","2,271.34","2,274.71","2,184.74",410.36K,-1.79%
25/12/2023,"2,271.36","2,262.98","2,303.26","2,253.22",286.29K,0.35%
24/12/2023,"2,263.54","2,309.95","2,325.17","2,247.69",307.97K,-1.95%
23/12/2023,"2,308.58","2,325.79","2,330.00","2,267.33",255.62K,-0.67%
22/12/2023,"2,324.16","2,240.01","2,341.50","2,232.81",591.31K,3.78%
21/12/2023,"2,239.61","2,201.71","2,277.70","2,183.30",453.16K,1.70%
20/12/2023,"2,202.17","2,178.15","2,263.12","2,161.70",416.84K,1.14%
19/12/2023,"2,177.40","2,218.95","2,254.71","2,137.85",383.69K,-1.87%
18/12/2023,"2,218.81","2,197.75","2,223.29","2,123.09",365.00K,0.99%
17/12/2023,"2,197.01","2,228.84","2,247.82","2,196.01",224.96K,-1.44%
16/12/2023,"2,229.03","2,222.18","2,262.66","2,212.78",199.29K,0.39%
15/12/2023,"2,220.40","2,315.20","2,317.35","2,213.17",333.57K,-4.10%
14/12/2023,"2,315.31","2,261.96","2,331.61","2,237.04",409.52K,2.44%
13/12/2023,"2,260.15","2,204.09","2,283.90","2,148.74",418.94K,2.57%
12/12/2023,"2,203.47","2,224.46","2,243.31","2,168.17",361.62K,-0.98%
11/12/2023,"2,225.31","2,351.73","2,354.99","2,164.26",640.37K,-5.40%
10/12/2023,"2,352.22","2,340.83","2,376.56","2,324.13",200.04K,0.50%
9/12/2023,"2,340.51","2,359.07","2,401.31","2,332.35",287.81K,-0.76%
8/12/2023,"2,358.41","2,357.49","2,389.45","2,340.81",378.59K,0.11%
7/12/2023,"2,355.74","2,232.92","2,381.72","2,224.38",485.19K,5.48%
6/12/2023,"2,233.40","2,294.20","2,310.19","2,223.19",408.46K,-2.61%
5/12/2023,"2,293.32","2,243.37","2,302.46","2,191.02",529.83K,2.22%
4/12/2023,"2,243.62","2,193.58","2,272.47","2,191.42",565.29K,2.32%
3/12/2023,"2,192.83","2,165.90","2,215.63","2,150.64",257.85K,1.29%
2/12/2023,"2,164.81","2,087.78","2,179.73","2,086.25",320.98K,3.72%
1/12/2023,"2,087.23","2,053.20","2,109.42","2,045.40",372.88K,1.74%
30/11/2023,"2,051.57","2,028.29","2,054.33","2,021.44",243.66K,1.11%
29/11/2023,"2,028.98","2,048.12","2,071.50","2,020.28",254.93K,-0.96%
28/11/2023,"2,048.66","2,027.70","2,074.99","1,996.11",283.69K,1.05%
27/11/2023,"2,027.43","2,061.92","2,071.16","1,987.41",326.11K,-1.69%
26/11/2023,"2,062.33","2,082.42","2,093.99","2,038.21",241.26K,-1.00%
25/11/2023,"2,083.09","2,080.98","2,090.27","2,065.52",138.85K,0.11%
24/11/2023,"2,080.83","2,062.20","2,130.03","2,059.38",426.94K,0.91%
23/11/2023,"2,062.10","2,063.49","2,088.45","2,040.87",251.11K,-0.06%
22/11/2023,"2,063.28","1,930.55","2,090.09","1,930.55",466.37K,6.65%
21/11/2023,"1,934.61","2,021.06","2,034.51","1,932.21",489.92K,-4.30%
20/11/2023,"2,021.48","2,012.79","2,064.00","1,994.88",421.81K,0.52%
19/11/2023,"2,010.99","1,962.21","2,014.92","1,943.59",251.19K,2.51%
18/11/2023,"1,961.68","1,960.82","1,971.03","1,920.10",279.32K,0.05%
17/11/2023,"1,960.78","1,961.41","1,990.23","1,908.28",401.14K,-0.05%
16/11/2023,"1,961.77","2,058.50","2,089.40","1,940.32",545.34K,-4.72%
15/11/2023,"2,058.96","1,980.00","2,060.93","1,967.94",421.86K,4.02%
14/11/2023,"1,979.40","2,055.67","2,064.53","1,943.24",481.92K,-3.64%
13/11/2023,"2,054.15","2,045.17","2,114.90","2,030.77",529.07K,0.46%
12/11/2023,"2,044.68","2,052.38","2,065.61","2,021.06",281.91K,-0.43%
11/11/2023,"2,053.45","2,077.73","2,089.29","2,033.65",370.97K,-1.17%
10/11/2023,"2,077.82","2,120.98","2,135.99","2,068.89",556.90K,-1.99%
9/11/2023,"2,120.11","1,888.42","2,131.35","1,882.91",1.10M,12.21%
8/11/2023,"1,889.35","1,885.28","1,903.63","1,873.38",247.64K,0.18%
7/11/2023,"1,885.92","1,901.47","1,906.46","1,852.01",332.51K,-0.79%
6/11/2023,"1,901.01","1,891.69","1,913.13","1,869.94",328.71K,0.46%
5/11/2023,"1,892.29","1,856.11","1,911.00","1,846.53",383.08K,1.97%
4/11/2023,"1,855.67","1,832.69","1,868.33","1,824.37",171.54K,1.28%
3/11/2023,"1,832.26","1,801.06","1,834.12","1,779.81",314.98K,1.78%
2/11/2023,"1,800.25","1,847.77","1,873.00","1,789.05",368.74K,-2.51%
1/11/2023,"1,846.57","1,814.89","1,856.96","1,783.91",471.93K,1.73%
31/10/2023,"1,815.10","1,808.98","1,819.41","1,783.32",258.07K,0.34%
30/10/2023,"1,809.03","1,795.66","1,829.44","1,778.58",277.78K,0.78%
29/10/2023,"1,794.94","1,776.21","1,809.93","1,764.16",144.11K,1.06%
28/10/2023,"1,776.20","1,779.40","1,801.04","1,772.05",122.94K,-0.19%
27/10/2023,"1,779.51","1,802.48","1,803.63","1,751.82",274.56K,-1.32%
26/10/2023,"1,803.38","1,787.10","1,864.80","1,764.42",431.17K,0.92%
25/10/2023,"1,787.00","1,784.44","1,814.08","1,761.38",354.45K,0.12%
24/10/2023,"1,784.82","1,766.13","1,853.25","1,757.36",674.13K,1.21%
23/10/2023,"1,763.56","1,663.64","1,791.71","1,657.55",610.73K,6.02%
22/10/2023,"1,663.38","1,628.71","1,667.47","1,623.28",228.66K,2.11%
21/10/2023,"1,628.94","1,604.20","1,642.34","1,592.38",176.42K,1.56%
20/10/2023,"1,603.89","1,566.74","1,629.22","1,561.56",315.99K,2.37%
19/10/2023,"1,566.71","1,562.34","1,573.40","1,543.90",216.21K,0.21%
18/10/2023,"1,563.44","1,565.00","1,583.75","1,556.14",177.94K,-0.10%
17/10/2023,"1,565.00","1,599.62","1,600.47","1,553.62",234.45K,-2.16%
16/10/2023,"1,599.47","1,557.43","1,635.90","1,555.12",418.50K,2.68%
15/10/2023,"1,557.78","1,555.06","1,565.78","1,550.00",120.31K,0.18%
14/10/2023,"1,554.94","1,551.89","1,559.84","1,545.31",100.32K,0.18%
13/10/2023,"1,552.16","1,540.08","1,574.09","1,538.04",192.20K,0.82%
12/10/2023,"1,539.60","1,566.24","1,568.43","1,523.76",237.22K,-1.74%
11/10/2023,"1,566.87","1,567.16","1,578.16","1,549.14",260.26K,-0.05%
10/10/2023,"1,567.61","1,579.59","1,593.71","1,552.34",240.72K,-0.77%
9/10/2023,"1,579.71","1,632.74","1,635.13","1,550.00",340.12K,-3.25%
8/10/2023,"1,632.85","1,633.57","1,641.33","1,616.79",149.42K,-0.04%
7/10/2023,"1,633.56","1,645.04","1,647.59","1,630.18",101.25K,-0.70%
6/10/2023,"1,645.11","1,612.20","1,659.94","1,612.20",220.51K,2.08%
5/10/2023,"1,611.59","1,646.57","1,654.00","1,609.55",237.37K,-2.15%
4/10/2023,"1,647.03","1,656.70","1,657.61","1,630.53",222.80K,-0.59%
3/10/2023,"1,656.88","1,662.41","1,670.41","1,644.03",198.36K,-0.35%
2/10/2023,"1,662.75","1,734.15","1,742.33","1,637.80",378.51K,-4.04%
1/10/2023,"1,732.80","1,670.42","1,741.62","1,668.96",225.44K,3.70%
30/9/2023,"1,670.90","1,667.46","1,693.71","1,666.20",136.92K,0.19%
29/9/2023,"1,667.70","1,652.88","1,686.50","1,648.42",252.03K,0.90%
28/9/2023,"1,652.87","1,598.63","1,667.61","1,598.14",331.38K,3.40%
27/9/2023,"1,598.49","1,593.64","1,633.51","1,585.33",274.40K,0.28%
26/9/2023,"1,594.02","1,588.54","1,597.61","1,580.54",125.61K,0.34%
25/9/2023,"1,588.60","1,579.62","1,596.49","1,564.67",176.70K,0.51%
24/9/2023,"1,580.52","1,593.86","1,600.37","1,573.94",137.49K,-0.84%
23/9/2023,"1,593.86","1,593.13","1,597.95","1,587.71",64.54K,0.05%
22/9/2023,"1,593.07","1,583.45","1,601.72","1,578.74",124.90K,0.57%
21/9/2023,"1,583.98","1,621.99","1,625.30","1,568.98",240.62K,-2.36%
20/9/2023,"1,622.27","1,642.69","1,649.13","1,610.14",232.85K,-1.27%
19/9/2023,"1,643.10","1,636.10","1,659.51","1,627.28",184.34K,0.38%
18/9/2023,"1,636.87","1,622.54","1,668.85","1,609.68",278.90K,0.88%
17/9/2023,"1,622.63","1,634.40","1,635.00","1,612.85",120.22K,-0.72%
16/9/2023,"1,634.40","1,642.47","1,650.02","1,631.72",99.57K,-0.42%
15/9/2023,"1,641.30","1,626.48","1,652.40","1,612.22",181.34K,0.91%
14/9/2023,"1,626.48","1,607.83","1,639.08","1,607.06",275.29K,1.17%
13/9/2023,"1,607.61","1,593.01","1,614.36","1,582.01",223.45K,0.95%
12/9/2023,"1,592.46","1,551.63","1,617.33","1,549.67",329.75K,2.61%
11/9/2023,"1,551.88","1,617.65","1,618.78","1,533.91",417.39K,-4.05%
10/9/2023,"1,617.41","1,635.64","1,635.70","1,604.18",207.96K,-1.11%
9/9/2023,"1,635.54","1,636.63","1,637.20","1,630.11",58.53K,-0.05%
8/9/2023,"1,636.44","1,648.00","1,657.49","1,618.43",221.60K,-0.71%
7/9/2023,"1,648.08","1,633.27","1,657.98","1,624.04",228.53K,0.91%
6/9/2023,"1,633.14","1,634.38","1,667.32","1,610.26",219.59K,-0.08%
5/9/2023,"1,634.46","1,629.87","1,647.74","1,610.00",204.37K,0.24%
4/9/2023,"1,630.52","1,635.85","1,643.30","1,618.51",168.01K,-0.33%
3/9/2023,"1,635.85","1,637.03","1,645.10","1,625.59",116.78K,-0.07%
2/9/2023,"1,637.03","1,629.19","1,644.59","1,628.10",102.15K,0.49%
1/9/2023,"1,628.99","1,646.57","1,654.37","1,603.69",302.41K,-1.02%
31/8/2023,"1,645.77","1,704.63","1,724.04","1,634.78",330.46K,-3.49%
30/8/2023,"1,705.20","1,729.32","1,730.71","1,696.93",202.85K,-1.42%
29/8/2023,"1,729.68","1,653.52","1,742.78","1,640.27",494.36K,4.63%
28/8/2023,"1,653.21","1,658.05","1,660.72","1,628.92",214.33K,-0.31%
27/8/2023,"1,658.33","1,646.65","1,660.11","1,646.33",87.79K,0.69%
26/8/2023,"1,647.04","1,653.93","1,655.59","1,644.02",79.28K,-0.40%
25/8/2023,"1,653.72","1,661.47","1,676.19","1,636.80",236.27K,-0.45%
24/8/2023,"1,661.16","1,679.99","1,682.99","1,642.41",231.56K,-1.12%
23/8/2023,"1,679.92","1,635.52","1,697.60","1,629.84",374.78K,2.80%
22/8/2023,"1,634.24","1,667.99","1,669.21","1,588.24",401.97K,-2.00%
21/8/2023,"1,667.55","1,685.65","1,686.03","1,651.79",250.84K,-1.05%
20/8/2023,"1,685.23","1,669.68","1,692.40","1,662.80",195.62K,0.93%
19/8/2023,"1,669.67","1,661.58","1,693.89","1,654.33",232.01K,0.51%
18/8/2023,"1,661.23","1,680.24","1,698.77","1,646.40",538.08K,-1.21%
17/8/2023,"1,681.50","1,807.81","1,809.80","1,562.70",812.15K,-6.99%
16/8/2023,"1,807.81","1,828.63","1,831.52","1,803.50",205.43K,-1.16%
15/8/2023,"1,828.98","1,845.50","1,847.36","1,816.35",186.08K,-0.90%
14/8/2023,"1,845.50","1,840.13","1,856.49","1,835.92",150.22K,0.26%
13/8/2023,"1,840.72","1,849.93","1,861.50","1,835.50",120.67K,-0.50%
12/8/2023,"1,849.93","1,849.06","1,853.55","1,846.09",63.36K,0.06%
